{
  "categories":
  [
    {"name":"regles", "icon":"regles", "id":0},
    {"name":"securite", "icon":"regles", "id":1},
    {"name":"bonnes_pratiques", "icon":"regles", "id":2},
    {"name":"materiel_necessaire", "icon":"regles", "id":3}
  ],
  "content":
  [
    {
      "categoryID":0,
      "icon":"iiii",
      "title":"aaa",
      "longText":"aaa"
    },
    {
      "categoryID":3,
      "icon":"iiii",
      "title":"aaa",
      "longText":"aaa"
    },
    {
      "categoryID":0,
      "icon":"nuage",
      "title":"Contrôler les fumées de combustion",
      "longText":"Les chauffagistes ont un rôle important à jouer auprès de leurs clients, pour assurer  l’entretien des chaudières. Le contrôle de combustion fait partie de ces tâches. Il faut vérifier le tirage des fumées et commencer la mesure des fumées. Les paramètres obligatoires sont déterminés : la température, le taux de CO2 et de CO (ppm), l’excès d’air et finalement le rendement de la chaudière."
    },
    {
      "categoryID":2,
      "icon":"iiii",
      "title":"Réduire les émissions de polluants",
      "longText":"Fermez les bidons, pots, fûts et autres récipients de produits quand vous ne les utilisez pas, particulièrement pour des produits très volatiles. Captez au maximum les gaz et fumées de soudage, si possible à la source. Vous limiterez ainsi les émissions de produits et de COV dans l'atmosphère."
    },
    {
      "categoryID":1,
      "icon":"drop",
      "title":"Manipulation des produits",
      "longText":"Lors de la manipulation de certains produits, en particulier des acides, l’artisan doit se protéger à l’aide d’un masque adapté. Il doit aussi penser à ventiler longuement les locaux où il travaille."
    },
    {
      "categoryID":2,
      "icon":"fire",
      "title":"Ne plus brûler de déchets",
      "longText":"Il faut abandonner le brûlage de l’ensemble des déchets, même quand ça semble la solution de facilité ou même quand il n’y a que quelques cartons à brûler. Les déchets de chantier doivent être éliminés correctement, dans des filières autorisées."
    }
  ]
}